,speed,C0,rho
0,0.2,0.00264,1.0109017394501865
1,0.2,0.0038133333333333335,1.2576519138534852
2,0.2,0.004986666666666667,1.421330262012539
3,0.2,0.0061600000000000005,1.5254197224618466
4,0.2,0.007333333333333334,1.5722968555327792
5,0.2,0.008506666666666668,1.6096559954896354
6,0.2,0.009680000000000001,1.6349496183927403
7,0.2,0.010853333333333335,1.6532253593705741
8,0.2,0.012026666666666668,1.6670712769402913
9,0.2,0.013200000000000002,1.6779381132993656
