,speed,C0,rho
0,0.2,0.010000000000000004,2.850700087802026
1,0.2,0.011224620483093738,3.089248983950501
2,0.2,0.012599210498948734,3.379782921336643
3,0.2,0.014142135623730958,3.704030647191699
4,0.2,0.015874010519681993,4.077761822653164
5,0.2,0.017817974362806792,4.523589143022309
6,0.2,0.02,5.049104418298276
